,As of date,As of time,Number of confirmed cases,Number of ruled out cases,Number of cases still hospitalised for investigation,Number of cases fulfilling the reporting criteria,Number of death cases,Number of discharge cases,Number of probable cases,Number of hospitalised cases in critical condition,Number of cases tested positive for SARS-CoV-2 virus by nucleic acid tests,Number of cases tested positive for SARS-CoV-2 virus by rapid antigen tests
0,08/01/2020,12:00,0.0,21.0,17.0,38.0,0,0,0.0,,,
1,09/01/2020,12:00,0.0,25.0,23.0,48.0,0,0,0.0,,,
2,10/01/2020,12:00,0.0,31.0,23.0,54.0,0,0,0.0,,,
3,11/01/2020,12:00,0.0,46.0,15.0,61.0,0,0,0.0,,,
4,12/01/2020,12:00,0.0,51.0,16.0,67.0,0,0,0.0,,,
5,13/01/2020,12:00,0.0,56.0,12.0,68.0,0,0,0.0,,,
6,14/01/2020,12:00,0.0,60.0,11.0,71.0,0,0,0.0,,,
7,15/01/2020,12:00,0.0,66.0,10.0,76.0,0,0,0.0,,,
8,16/01/2020,12:00,0.0,71.0,7.0,78.0,0,0,0.0,,,
9,17/01/2020,12:00,0.0,75.0,6.0,81.0,0,0,0.0,,,
10,18/01/2020,12:00,0.0,76.0,14.0,90.0,0,0,0.0,,,
11,19/01/2020,12:00,0.0,80.0,19.0,99.0,0,0,0.0,,,
12,20/01/2020,12:00,0.0,81.0,25.0,106.0,0,0,0.0,,,
13,21/01/2020,12:00,0.0,88.0,30.0,118.0,0,0,0.0,,,
14,22/01/2020,12:00,0.0,97.0,38.0,135.0,0,0,0.0,,,
15,23/01/2020,12:00,2.0,109.0,65.0,176.0,0,0,0.0,,,
16,24/01/2020,12:00,5.0,122.0,117.0,244.0,0,0,0.0,,,
17,25/01/2020,12:00,5.0,163.0,137.0,305.0,0,0,0.0,,,
18,26/01/2020,12:00,8.0,219.0,155.0,382.0,0,0,0.0,,,
19,27/01/2020,12:00,8.0,276.0,167.0,451.0,0,0,0.0,,,
20,28/01/2020,12:00,8.0,332.0,189.0,529.0,0,0,0.0,,,
21,29/01/2020,12:00,10.0,416.0,159.0,585.0,0,0,0.0,,,
22,30/01/2020,23:59,12.0,478.0,191.0,680.0,0,0,0.0,,,
23,31/01/2020,12:00,13.0,550.0,203.0,766.0,0,0,0.0,,,
24,01/02/2020,23:59,14.0,634.0,188.0,835.0,0,0,0.0,,,
25,02/02/2020,12:00,15.0,699.0,168.0,882.0,0,0,0.0,,,
26,03/02/2020,12:00,15.0,744.0,159.0,918.0,0,0,0.0,,,
27,04/02/2020,23:59,18.0,808.0,157.0,982.0,1,0,0.0,,,
28,05/02/2020,12:00,21.0,868.0,154.0,1043.0,1,0,0.0,,,
29,06/02/2020,23:59,24.0,920.0,158.0,1100.0,1,0,0.0,,,
30,07/02/2020,23:59,26.0,975.0,158.0,1158.0,1,0,0.0,,,
31,08/02/2020,12:00,26.0,1035.0,141.0,1202.0,1,0,0.0,,,
32,09/02/2020,12:00,36.0,1066.0,129.0,1231.0,1,0,0.0,,,
33,10/02/2020,23:59,42.0,1089.0,143.0,1273.0,1,0,0.0,,,
34,11/02/2020,23:59,49.0,1123.0,154.0,1325.0,1,0,0.0,,,
35,12/02/2020,12:00,50.0,1164.0,170.0,1384.0,1,1,0.0,,,
36,13/02/2020,12:00,53.0,1222.0,161.0,1436.0,1,1,0.0,,,
37,14/02/2020,12:00,56.0,1274.0,142.0,1472.0,1,1,0.0,,,
38,15/02/2020,12:00,56.0,1312.0,149.0,1517.0,1,1,0.0,,,
39,16/02/2020,12:00,57.0,1341.0,136.0,1534.0,1,2,0.0,,,
40,17/02/2020,12:00,60.0,1366.0,123.0,1549.0,1,2,0.0,,,
41,18/02/2020,12:00,61.0,1384.0,133.0,1578.0,1,4,0.0,,,
42,19/02/2020,12:00,63.0,1417.0,129.0,1609.0,2,5,0.0,,,
43,20/02/2020,12:00,67.0,1448.0,113.0,1628.0,2,5,0.0,,,
44,21/02/2020,12:00,68.0,1472.0,111.0,1652.0,2,6,1.0,,,
45,22/02/2020,12:00,68.0,1494.0,108.0,1671.0,2,11,1.0,,,
46,23/02/2020,12:00,74.0,1510.0,119.0,1703.0,2,12,0.0,,,
47,24/02/2020,12:00,77.0,1538.0,116.0,1731.0,2,19,0.0,,,
48,25/02/2020,12:00,85.0,1566.0,112.0,1763.0,2,18,0.0,,,
49,26/02/2020,12:00,91.0,1601.0,128.0,1820.0,2,24,0.0,,,
50,27/02/2020,12:00,92.0,1663.0,134.0,1889.0,2,26,0.0,,,
51,28/02/2020,12:00,94.0,1718.0,124.0,1936.0,2,30,0.0,,,
52,29/02/2020,12:00,94.0,1770.0,120.0,1984.0,2,33,0.0,,,
53,01/03/2020,12:00,97.0,1805.0,129.0,2033.0,2,36,2.0,,,
54,02/03/2020,12:00,99.0,1853.0,135.0,2088.0,2,36,1.0,,,
55,03/03/2020,12:00,100.0,1898.0,136.0,2135.0,2,37,1.0,,,
56,04/03/2020,12:00,103.0,1940.0,134.0,2178.0,2,43,1.0,,,
57,05/03/2020,12:00,104.0,1979.0,127.0,2211.0,2,46,1.0,,,
58,06/03/2020,12:00,106.0,2011.0,131.0,2249.0,2,51,1.0,,,
59,07/03/2020,12:00,108.0,2055.0,117.0,2281.0,2,55,1.0,,,
60,08/03/2020,12:00,113.0,2079.0,113.0,2306.0,3,59,1.0,,,
61,09/03/2020,12:00,115.0,2096.0,134.0,2346.0,3,60,1.0,,,
62,10/03/2020,12:00,117.0,2132.0,136.0,2386.0,3,65,1.0,,,
63,11/03/2020,12:00,129.0,2156.0,146.0,2432.0,3,67,1.0,,,
64,12/03/2020,12:00,130.0,2190.0,155.0,2476.0,3,75,1.0,,,
65,13/03/2020,12:00,132.0,2234.0,156.0,2523.0,4,78,1.0,,,
66,14/03/2020,12:00,139.0,2288.0,153.0,2581.0,4,81,1.0,,,
67,15/03/2020,12:00,147.0,2330.0,167.0,2645.0,4,84,1.0,,,
68,16/03/2020,12:00,156.0,2395.0,174.0,2726.0,4,88,1.0,,,
69,17/03/2020,12:00,164.0,2451.0,270.0,2886.0,4,92,1.0,,,
70,18/03/2020,12:00,184.0,2636.0,238.0,3059.0,4,95,1.0,,,
71,19/03/2020,12:00,206.0,2752.0,362.0,3321.0,4,98,1.0,,,
72,20/03/2020,12:00,250.0,3046.0,291.0,3588.0,4,98,1.0,,,
73,21/03/2020,16:00,273.0,3248.0,311.0,3831.0,4,100,1.0,,,
74,22/03/2020,16:00,317.0,3327.0,464.0,4096.0,4,100,1.0,,,
75,23/03/2020,16:00,351.0,3647.0,310.0,4309.0,4,101,1.0,,,
76,24/03/2020,16:00,382.0,3881.0,293.0,4557.0,4,102,1.0,,,
77,25/03/2020,16:00,407.0,4054.0,301.0,4756.0,4,106,1.0,,,
78,26/03/2020,16:00,452.0,4251.0,262.0,4966.0,4,110,1.0,,,
79,27/03/2020,16:00,494.0,4573.0,224.0,5292.0,4,111,1.0,,,
80,28/03/2020,12:00,526.0,4834.0,233.0,5594.0,4,112,1.0,,,
81,29/03/2020,12:00,577.0,5023.0,197.0,5798.0,4,118,1.0,,,
82,30/03/2020,12:00,623.0,5181.0,184.0,5989.0,4,124,1.0,,,
83,31/03/2020,12:00,680.0,5393.0,197.0,6271.0,4,128,1.0,,,
84,01/04/2020,12:00,737.0,5564.0,149.0,6451.0,4,147,1.0,,,
85,02/04/2020,12:00,784.0,5671.0,141.0,6597.0,4,154,1.0,,,
86,03/04/2020,12:00,831.0,5757.0,133.0,6722.0,4,173,1.0,,,
87,04/04/2020,12:00,853.0,5883.0,151.0,6888.0,4,186,1.0,,,
88,05/04/2020,12:00,882.0,6057.0,132.0,7072.0,4,206,1.0,,,
89,06/04/2020,12:00,914.0,,,,4,216,1.0,12.0,,
90,07/04/2020,12:00,935.0,,,,4,236,1.0,14.0,,
91,08/04/2020,12:00,960.0,,,,4,264,1.0,14.0,,
92,09/04/2020,12:00,973.0,,,,4,293,1.0,14.0,,
93,10/04/2020,12:00,989.0,,,,4,309,1.0,15.0,,
94,11/04/2020,12:00,1000.0,,,,4,336,1.0,14.0,,
95,12/04/2020,12:00,1004.0,,,,4,360,1.0,13.0,,
96,13/04/2020,12:00,1009.0,,,,4,397,1.0,13.0,,
97,14/04/2020,12:00,1012.0,,,,4,434,1.0,13.0,,
98,15/04/2020,12:00,1016.0,,,,4,459,1.0,10.0,,
99,16/04/2020,12:00,1017.0,,,,4,485,1.0,9.0,,
100,17/04/2020,12:00,1021.0,,,,4,532,1.0,9.0,,
101,18/04/2020,12:00,1023.0,,,,4,568,1.0,9.0,,
102,19/04/2020,12:00,1025.0,,,,4,602,1.0,8.0,,
103,20/04/2020,12:00,1025.0,,,,4,630,1.0,8.0,,
104,21/04/2020,12:00,1029.0,,,,4,650,1.0,8.0,,
105,22/04/2020,12:00,1033.0,,,,4,678,1.0,8.0,,
106,23/04/2020,12:00,1035.0,,,,4,699,1.0,9.0,,
107,24/04/2020,12:00,1035.0,,,,4,725,1.0,7.0,,
108,25/04/2020,12:00,1037.0,,,,4,753,1.0,4.0,,
109,26/04/2020,12:00,1037.0,,,,4,772,1.0,4.0,,
110,27/04/2020,12:00,1037.0,,,,4,787,1.0,4.0,,
111,28/04/2020,12:00,1037.0,,,,4,811,1.0,4.0,,
112,29/04/2020,12:00,1037.0,,,,4,830,1.0,4.0,,
113,30/04/2020,12:00,1037.0,,,,4,846,1.0,4.0,,
114,01/05/2020,12:00,1039.0,,,,4,859,1.0,4.0,,
115,02/05/2020,12:00,1039.0,,,,4,864,1.0,4.0,,
116,03/05/2020,12:00,1039.0,,,,4,879,1.0,3.0,,
117,04/05/2020,12:00,1040.0,,,,4,900,1.0,1.0,,
118,05/05/2020,12:00,1040.0,,,,4,920,1.0,1.0,,
119,06/05/2020,12:00,1040.0,,,,4,932,1.0,2.0,,
120,07/05/2020,12:00,1044.0,,,,4,944,1.0,1.0,,
121,08/05/2020,12:00,1044.0,,,,4,960,1.0,1.0,,
122,09/05/2020,12:00,1044.0,,,,4,967,1.0,1.0,,
123,10/05/2020,12:00,1047.0,,,,4,982,1.0,1.0,,
124,11/05/2020,12:00,1047.0,,,,4,985,1.0,1.0,,
125,12/05/2020,12:00,1047.0,,,,4,991,1.0,1.0,,
126,13/05/2020,12:00,1050.0,,,,4,1008,1.0,1.0,,
127,14/05/2020,12:00,1051.0,,,,4,1009,1.0,1.0,,
128,15/05/2020,12:00,1052.0,,,,4,1019,1.0,1.0,,
129,16/05/2020,12:00,1052.0,,,,4,1022,1.0,1.0,,
130,17/05/2020,12:00,1055.0,,,,4,1024,1.0,1.0,,
131,18/05/2020,12:00,1055.0,,,,4,1025,1.0,1.0,,
132,19/05/2020,12:00,1055.0,,,,4,1025,1.0,1.0,,
133,20/05/2020,12:00,1055.0,,,,4,1026,1.0,1.0,,
134,21/05/2020,12:00,1063.0,,,,4,1029,1.0,1.0,,
135,22/05/2020,12:00,1065.0,,,,4,1029,1.0,1.0,,
136,23/05/2020,12:00,1065.0,,,,4,1029,1.0,1.0,,
137,24/05/2020,12:00,1065.0,,,,4,1030,1.0,1.0,,
138,25/05/2020,12:00,1065.0,,,,4,1030,1.0,0.0,,
139,26/05/2020,12:00,1065.0,,,,4,1033,1.0,1.0,,
140,27/05/2020,12:00,1066.0,,,,4,1034,1.0,1.0,,
141,28/05/2020,12:00,1066.0,,,,4,1035,1.0,1.0,,
142,29/05/2020,12:00,1079.0,,,,4,1035,1.0,1.0,,
143,30/05/2020,12:00,1082.0,,,,4,1036,1.0,1.0,,
144,31/05/2020,12:00,1084.0,,,,4,1037,1.0,2.0,,
145,01/06/2020,12:00,1087.0,,,,4,1037,1.0,2.0,,
146,02/06/2020,12:00,1093.0,,,,4,1038,1.0,2.0,,
147,03/06/2020,12:00,1093.0,,,,4,1039,1.0,2.0,,
148,04/06/2020,12:00,1099.0,,,,4,1042,1.0,2.0,,
149,05/06/2020,12:00,1102.0,,,,4,1045,1.0,2.0,,
150,06/06/2020,12:00,1105.0,,,,4,1048,1.0,2.0,,
151,07/06/2020,12:00,1106.0,,,,4,1049,1.0,2.0,,
152,08/06/2020,12:00,1107.0,,,,4,1049,1.0,3.0,,
153,09/06/2020,12:00,1107.0,,,,4,1050,1.0,3.0,,
154,10/06/2020,12:00,1107.0,,,,4,1051,1.0,4.0,,
155,11/06/2020,12:00,1107.0,,,,4,1055,1.0,4.0,,
156,12/06/2020,12:00,1108.0,,,,4,1060,1.0,3.0,,
157,13/06/2020,12:00,1109.0,,,,4,1061,1.0,3.0,,
158,14/06/2020,12:00,1109.0,,,,4,1067,1.0,3.0,,
159,15/06/2020,12:00,1112.0,,,,4,1067,1.0,3.0,,
160,16/06/2020,12:00,1112.0,,,,4,1069,1.0,3.0,,
161,17/06/2020,12:00,1120.0,,,,4,1071,1.0,3.0,,
162,18/06/2020,12:00,1124.0,,,,4,1072,1.0,3.0,,
163,19/06/2020,12:00,1127.0,,,,4,1074,1.0,3.0,,
164,20/06/2020,12:00,1128.0,,,,4,1077,1.0,3.0,,
165,21/06/2020,12:00,1131.0,,,,5,1078,1.0,2.0,,
166,22/06/2020,12:00,1161.0,,,,5,1078,1.0,2.0,,
167,23/06/2020,12:00,1177.0,,,,6,1083,1.0,1.0,,
168,24/06/2020,12:00,1179.0,,,,6,1086,1.0,1.0,,
169,25/06/2020,12:00,1193.0,,,,7,1088,1.0,1.0,,
170,26/06/2020,12:00,1196.0,,,,7,1091,1.0,1.0,,
171,27/06/2020,12:00,1197.0,,,,7,1095,1.0,1.0,,
172,28/06/2020,12:00,1199.0,,,,7,1104,1.0,1.0,,
173,29/06/2020,12:00,1203.0,,,,7,1105,1.0,1.0,,
174,30/06/2020,12:00,1205.0,,,,7,1107,1.0,1.0,,
175,01/07/2020,12:00,1233.0,,,,7,1117,1.0,1.0,,
176,02/07/2020,12:00,1242.0,,,,7,1120,1.0,1.0,,
177,03/07/2020,12:00,1247.0,,,,7,1125,1.0,1.0,,
178,04/07/2020,12:00,1258.0,,,,7,1145,1.0,1.0,,
179,05/07/2020,12:00,1268.0,,,,7,1156,1.0,1.0,,
180,06/07/2020,12:00,1285.0,,,,7,1157,1.0,1.0,,
181,07/07/2020,12:00,1299.0,,,,7,1161,1.0,1.0,,
182,08/07/2020,12:00,1323.0,,,,7,1167,1.0,1.0,,
183,09/07/2020,12:00,1365.0,,,,7,1176,1.0,2.0,,
184,10/07/2020,12:00,1403.0,,,,7,1187,1.0,2.0,,
185,11/07/2020,12:00,1431.0,,,,7,1197,1.0,2.0,,
186,12/07/2020,12:00,1469.0,,,,7,1214,1.0,4.0,,
187,13/07/2020,12:00,1521.0,,,,7,1217,1.0,5.0,,
188,14/07/2020,12:00,1569.0,,,,8,1229,1.0,6.0,,
189,15/07/2020,12:00,1588.0,,,,8,1241,1.0,7.0,,
190,16/07/2020,12:00,1655.0,,,,10,1254,1.0,6.0,,
191,17/07/2020,12:00,1713.0,,,,10,1264,1.0,8.0,,
192,18/07/2020,12:00,1777.0,,,,12,1274,1.0,13.0,,
193,19/07/2020,12:00,1885.0,,,,12,1294,1.0,19.0,,
194,20/07/2020,,1958.0,,,,12,1301,1.0,23.0,,
195,21/07/2020,,2018.0,,,,14,1324,1.0,29.0,,
196,22/07/2020,,2131.0,,,,14,1344,1.0,29.0,,
197,23/07/2020,,2249.0,,,,15,1379,1.0,33.0,,
198,24/07/2020,,2372.0,,,,16,1407,1.0,34.0,,
199,25/07/2020,,2505.0,,,,18,1455,1.0,37.0,,
200,26/07/2020,,2633.0,,,,18,1495,1.0,40.0,,
201,27/07/2020,,2778.0,,,,22,1486,1.0,38.0,,
202,28/07/2020,,2884.0,,,,22,1527,1.0,39.0,,
203,29/07/2020,,3002.0,,,,24,1591,1.0,38.0,,
204,30/07/2020,,3151.0,,,,24,1660,1.0,39.0,,
205,31/07/2020,,3272.0,,,,27,1751,1.0,43.0,,
206,01/08/2020,,3396.0,,,,31,1858,1.0,34.0,,
207,02/08/2020,,3511.0,,,,34,1959,1.0,34.0,,
208,03/08/2020,,3589.0,,,,37,2037,1.0,43.0,,
209,04/08/2020,,3669.0,,,,41,2141,1.0,43.0,,
210,05/08/2020,,3754.0,,,,43,2314,1.0,44.0,,
211,06/08/2020,,3849.0,,,,44,2458,1.0,39.0,,
212,07/08/2020,,3938.0,,,,46,2620,1.0,41.0,,
213,08/08/2020,,4007.0,,,,47,2755,1.0,45.0,,
214,09/08/2020,,4079.0,,,,51,2847,1.0,41.0,,
215,10/08/2020,,4148.0,,,,54,2917,1.0,36.0,,
216,11/08/2020,,4181.0,,,,58,3052,1.0,32.0,,
217,12/08/2020,,4243.0,,,,63,3189,1.0,30.0,,
218,13/08/2020,,4312.0,,,,65,3295,1.0,32.0,,
219,14/08/2020,,4360.0,,,,66,3392,1.0,30.0,,
220,15/08/2020,,4406.0,,,,68,3488,1.0,27.0,,
221,16/08/2020,,4480.0,,,,69,3549,1.0,27.0,,
222,17/08/2020,,4524.0,,,,69,3599,1.0,29.0,,
223,18/08/2020,,4560.0,,,,70,3677,1.0,31.0,,
224,19/08/2020,,4586.0,,,,72,3779,1.0,29.0,,
225,20/08/2020,,4604.0,,,,73,3827,1.0,31.0,,
226,21/08/2020,,4631.0,,,,75,3900,1.0,30.0,,
227,22/08/2020,,4657.0,,,,76,3974,1.0,29.0,,
228,23/08/2020,,4682.0,,,,77,4018,1.0,26.0,,
229,24/08/2020,,4691.0,,,,77,4052,1.0,27.0,,
230,25/08/2020,,4710.0,,,,77,4108,1.0,27.0,,
231,26/08/2020,,4734.0,,,,78,4161,1.0,27.0,,
232,27/08/2020,,4755.0,,,,79,4200,1.0,25.0,,
233,28/08/2020,,4768.0,,,,84,4249,1.0,25.0,,
234,29/08/2020,,4786.0,,,,86,4287,1.0,23.0,,
235,30/08/2020,,4801.0,,,,88,4320,1.0,23.0,,
236,31/08/2020,,4810.0,,,,89,4342,1.0,26.0,,
237,01/09/2020,,4822.0,,,,90,4380,1.0,25.0,,
238,02/09/2020,,4830.0,,,,93,4401,1.0,25.0,,
239,03/09/2020,,4838.0,,,,94,4431,1.0,25.0,,
240,04/09/2020,,4850.0,,,,94,4456,1.0,26.0,,
241,05/09/2020,,4857.0,,,,94,4493,1.0,23.0,,
242,06/09/2020,,4878.0,,,,95,4511,1.0,22.0,,
243,07/09/2020,,4889.0,,,,98,4524,1.0,20.0,,
244,08/09/2020,,4895.0,,,,99,4543,1.0,21.0,,
245,09/09/2020,,4901.0,,,,99,4557,1.0,21.0,,
246,10/09/2020,,4913.0,,,,99,4582,1.0,21.0,,
247,11/09/2020,,4925.0,,,,99,4597,1.0,21.0,,
248,12/09/2020,,4938.0,,,,100,4613,1.0,21.0,,
249,13/09/2020,,4957.0,,,,100,4630,1.0,21.0,,
250,14/09/2020,,4971.0,,,,101,4635,1.0,21.0,,
251,15/09/2020,,4975.0,,,,101,4646,1.0,18.0,,
252,16/09/2020,,4984.0,,,,102,4663,1.0,16.0,,
253,17/09/2020,,4993.0,,,,102,4682,1.0,14.0,,
254,18/09/2020,,4996.0,,,,103,4696,1.0,13.0,,
255,19/09/2020,,5009.0,,,,103,4708,1.0,13.0,,
256,20/09/2020,,5032.0,,,,103,4712,1.0,13.0,,
257,21/09/2020,,5038.0,,,,103,4717,1.0,13.0,,
258,22/09/2020,,5046.0,,,,103,4729,1.0,13.0,,
259,23/09/2020,,5049.0,,,,103,4749,1.0,12.0,,
260,24/09/2020,,5056.0,,,,104,4758,1.0,13.0,,
261,25/09/2020,,5058.0,,,,104,4765,1.0,12.0,,
262,26/09/2020,,5059.0,,,,105,4777,1.0,11.0,,
263,27/09/2020,,5065.0,,,,105,4786,1.0,11.0,,
264,28/09/2020,,5075.0,,,,105,4790,1.0,11.0,,
265,29/09/2020,,5079.0,,,,105,4807,1.0,11.0,,
266,30/09/2020,,5087.0,,,,105,4827,1.0,10.0,,
267,01/10/2020,,5097.0,,,,105,4837,1.0,10.0,,
268,02/10/2020,,5104.0,,,,105,4843,1.0,10.0,,
269,03/10/2020,,5108.0,,,,105,4849,1.0,10.0,,
270,04/10/2020,,5113.0,,,,105,4861,1.0,10.0,,
271,05/10/2020,,5124.0,,,,105,4864,1.0,11.0,,
272,06/10/2020,,5132.0,,,,105,4875,1.0,10.0,,
273,07/10/2020,,5143.0,,,,105,4885,1.0,10.0,,
274,08/10/2020,,5161.0,,,,105,4890,1.0,10.0,,
275,09/10/2020,,5169.0,,,,105,4906,1.0,9.0,,
276,10/10/2020,,5175.0,,,,105,4914,1.0,8.0,,
277,11/10/2020,,5182.0,,,,105,4919,1.0,8.0,,
278,12/10/2020,,5193.0,,,,105,4921,1.0,8.0,,
279,13/10/2020,,5201.0,,,,105,4931,1.0,10.0,,
280,14/10/2020,,5201.0,,,,105,4932,1.0,11.0,,
281,15/10/2020,,5213.0,,,,105,4943,1.0,12.0,,
282,16/10/2020,,5220.0,,,,105,4951,1.0,12.0,,
283,17/10/2020,,5237.0,,,,105,4963,1.0,12.0,,
284,18/10/2020,,5241.0,,,,105,4973,1.0,12.0,,
285,19/10/2020,,5256.0,,,,105,4982,1.0,12.0,,
286,20/10/2020,,5261.0,,,,105,4996,1.0,12.0,,
287,21/10/2020,,5269.0,,,,105,5004,1.0,13.0,,
288,22/10/2020,,5280.0,,,,105,5019,1.0,13.0,,
289,23/10/2020,,5284.0,,,,105,5029,1.0,13.0,,
290,24/10/2020,,5289.0,,,,105,5041,1.0,12.0,,
291,25/10/2020,,5295.0,,,,105,5047,1.0,12.0,,
292,26/10/2020,,5303.0,,,,105,5050,1.0,12.0,,
293,27/10/2020,,5308.0,,,,105,5053,1.0,11.0,,
294,28/10/2020,,5310.0,,,,105,5063,1.0,10.0,,
295,29/10/2020,,5313.0,,,,105,5073,1.0,9.0,,
296,30/10/2020,,5320.0,,,,105,5082,1.0,9.0,,
297,31/10/2020,,5323.0,,,,105,5089,1.0,9.0,,
298,01/11/2020,,5330.0,,,,105,5096,1.0,9.0,,
299,02/11/2020,,5336.0,,,,105,5102,1.0,9.0,,
300,03/11/2020,,5345.0,,,,105,5109,1.0,9.0,,
301,04/11/2020,,5348.0,,,,106,5118,1.0,8.0,,
302,05/11/2020,,5355.0,,,,106,5126,1.0,8.0,,
303,06/11/2020,,5361.0,,,,107,5131,1.0,8.0,,
304,07/11/2020,,5364.0,,,,107,5139,1.0,7.0,,
305,08/11/2020,,5374.0,,,,107,5144,1.0,7.0,,
306,09/11/2020,,5380.0,,,,107,5146,1.0,7.0,,
307,10/11/2020,,5389.0,,,,108,5153,1.0,6.0,,
308,11/11/2020,,5407.0,,,,108,5159,1.0,6.0,,
309,12/11/2020,,5430.0,,,,108,5170,1.0,6.0,,
310,13/11/2020,,5436.0,,,,108,5177,1.0,6.0,,
311,14/11/2020,,5444.0,,,,108,5187,1.0,6.0,,
312,15/11/2020,,5458.0,,,,108,5194,1.0,7.0,,
313,16/11/2020,,5466.0,,,,108,5198,1.0,7.0,,
314,17/11/2020,,5470.0,,,,108,5212,1.0,7.0,,
315,18/11/2020,,5479.0,,,,108,5224,1.0,8.0,,
316,19/11/2020,,5491.0,,,,108,5233,1.0,8.0,,
317,20/11/2020,,5517.0,,,,108,5239,1.0,8.0,,
318,21/11/2020,,5560.0,,,,108,5248,1.0,8.0,,
319,22/11/2020,,5628.0,,,,108,5259,1.0,8.0,,
320,23/11/2020,,5701.0,,,,108,5267,1.0,8.0,,
321,24/11/2020,,5781.0,,,,108,5274,1.0,7.0,,
322,25/11/2020,,5866.0,,,,108,5295,1.0,7.0,,
323,26/11/2020,,5947.0,,,,108,5300,1.0,7.0,,
324,27/11/2020,,6039.0,,,,108,5313,1.0,6.0,,
325,28/11/2020,,6123.0,,,,109,5328,1.0,7.0,,
326,29/11/2020,,6238.0,,,,109,5340,1.0,11.0,,
327,30/11/2020,,6314.0,,,,109,5344,1.0,11.0,,
328,01/12/2020,,6396.0,,,,109,5361,1.0,14.0,,
329,02/12/2020,,6499.0,,,,110,5394,1.0,17.0,,
330,03/12/2020,,6589.0,,,,110,5423,1.0,21.0,,
331,04/12/2020,,6701.0,,,,112,5465,1.0,23.0,,
332,05/12/2020,,6802.0,,,,112,5511,1.0,29.0,,
333,06/12/2020,,6897.0,,,,112,5567,1.0,31.0,,
334,07/12/2020,,6975.0,,,,112,5626,1.0,36.0,,
335,08/12/2020,,7075.0,,,,112,5696,1.0,38.0,,
336,09/12/2020,,7179.0,,,,114,5783,1.0,39.0,,
337,10/12/2020,,7291.0,,,,114,5900,1.0,43.0,,
338,11/12/2020,,7377.0,,,,114,5996,1.0,44.0,,
339,12/12/2020,,7446.0,,,,115,6114,1.0,49.0,,
340,13/12/2020,,7541.0,,,,117,6202,1.0,46.0,,
341,14/12/2020,,7623.0,,,,120,6266,1.0,46.0,,
342,15/12/2020,,7721.0,,,,122,6345,1.0,50.0,,
343,16/12/2020,,7803.0,,,,123,6439,1.0,59.0,,
344,17/12/2020,,7899.0,,,,125,6534,1.0,58.0,,
345,18/12/2020,,7969.0,,,,129,6628,1.0,61.0,,
346,19/12/2020,,8078.0,,,,129,6737,1.0,61.0,,
347,20/12/2020,,8152.0,,,,129,6837,1.0,64.0,,
348,21/12/2020,,8237.0,,,,131,6910,1.0,63.0,,
349,22/12/2020,,8300.0,,,,132,6995,1.0,67.0,,
350,23/12/2020,,8353.0,,,,133,7112,1.0,65.0,,
351,24/12/2020,,8424.0,,,,135,7203,1.0,61.0,,
352,25/12/2020,,8481.0,,,,136,7317,1.0,54.0,,
353,26/12/2020,,8540.0,,,,136,7394,1.0,55.0,,
354,27/12/2020,,8610.0,,,,136,7474,1.0,55.0,,
355,28/12/2020,,8671.0,,,,139,7526,1.0,51.0,,
356,29/12/2020,,8724.0,,,,143,7616,1.0,47.0,,
357,30/12/2020,,8778.0,,,,146,7722,1.0,50.0,,
358,31/12/2020,,8846.0,,,,148,7813,1.0,51.0,,
359,01/01/2021,,8888.0,,,,149,7912,1.0,51.0,,
360,02/01/2021,,8923.0,,,,150,7968,1.0,49.0,,
361,03/01/2021,,8964.0,,,,150,8011,1.0,49.0,,
362,04/01/2021,,9017.0,,,,151,8055,1.0,50.0,,
363,05/01/2021,,9049.0,,,,153,8127,1.0,48.0,,
364,06/01/2021,,9074.0,,,,154,8201,1.0,43.0,,
365,07/01/2021,,9107.0,,,,154,8258,1.0,41.0,,
366,08/01/2021,,9152.0,,,,155,8307,1.0,42.0,,
367,09/01/2021,,9211.0,,,,157,8374,1.0,39.0,,
368,10/01/2021,,9242.0,,,,158,8423,1.0,39.0,,
369,11/01/2021,,9283.0,,,,158,8468,1.0,39.0,,
370,12/01/2021,,9343.0,,,,159,8524,1.0,40.0,,
371,13/01/2021,,9385.0,,,,161,8584,1.0,41.0,,
372,14/01/2021,,9414.0,,,,161,8631,1.0,42.0,,
373,15/01/2021,,9452.0,,,,161,8684,1.0,41.0,,
374,16/01/2021,,9502.0,,,,162,8724,1.0,42.0,,
375,17/01/2021,,9557.0,,,,162,8758,1.0,42.0,,
376,18/01/2021,,9664.0,,,,163,8786,1.0,41.0,,
377,19/01/2021,,9720.0,,,,164,8828,1.0,39.0,,
378,20/01/2021,,9797.0,,,,166,8865,1.0,39.0,,
379,21/01/2021,,9867.0,,,,167,8904,1.0,37.0,,
380,22/01/2021,,9928.0,,,,167,8949,1.0,34.0,,
381,23/01/2021,,10009.0,,,,168,8998,1.0,38.0,,
382,24/01/2021,,10085.0,,,,169,9034,1.0,35.0,,
383,25/01/2021,,10158.0,,,,171,9056,1.0,35.0,,
384,26/01/2021,,10222.0,,,,173,9101,1.0,34.0,,
385,27/01/2021,,10282.0,,,,174,9162,1.0,32.0,,
386,28/01/2021,,10321.0,,,,177,9239,1.0,32.0,,
387,29/01/2021,,10371.0,,,,178,9302,1.0,30.0,,
388,30/01/2021,,10399.0,,,,178,9362,1.0,28.0,,
389,31/01/2021,,10452.0,,,,181,9423,1.0,28.0,,
390,01/02/2021,,10486.0,,,,182,9474,1.0,28.0,,
391,02/02/2021,,10511.0,,,,183,9549,1.0,30.0,,
392,03/02/2021,,10530.0,,,,185,9633,1.0,28.0,,
393,04/02/2021,,10552.0,,,,186,9684,1.0,26.0,,
394,05/02/2021,,10589.0,,,,186,9750,1.0,24.0,,
395,06/02/2021,,10608.0,,,,186,9828,1.0,24.0,,
396,07/02/2021,,10635.0,,,,186,9887,1.0,23.0,,
397,08/02/2021,,10667.0,,,,186,9918,1.0,24.0,,
398,09/02/2021,,10693.0,,,,187,9976,1.0,24.0,,
399,10/02/2021,,10710.0,,,,188,10022,1.0,22.0,,
400,11/02/2021,,10731.0,,,,191,10077,1.0,21.0,,
401,12/02/2021,,10755.0,,,,192,10136,1.0,22.0,,
402,13/02/2021,,10767.0,,,,193,10160,1.0,21.0,,
403,14/02/2021,,10779.0,,,,193,10185,1.0,21.0,,
404,15/02/2021,,10788.0,,,,193,10207,1.0,21.0,,
405,16/02/2021,,10796.0,,,,194,10232,1.0,22.0,,
406,17/02/2021,,10812.0,,,,195,10270,1.0,19.0,,
407,18/02/2021,,10820.0,,,,197,10298,1.0,18.0,,
408,19/02/2021,,10833.0,,,,197,10329,1.0,18.0,,
409,20/02/2021,,10848.0,,,,197,10362,1.0,18.0,,
410,21/02/2021,,10868.0,,,,197,10389,1.0,18.0,,
411,22/02/2021,,10884.0,,,,197,10404,1.0,18.0,,
412,23/02/2021,,10896.0,,,,197,10427,1.0,17.0,,
413,24/02/2021,,10913.0,,,,197,10461,1.0,17.0,,
414,25/02/2021,,10926.0,,,,198,10474,1.0,18.0,,
415,26/02/2021,,10951.0,,,,198,10493,1.0,18.0,,
416,27/02/2021,,10983.0,,,,198,10519,1.0,17.0,,
417,28/02/2021,,11005.0,,,,199,10536,1.0,17.0,,
418,01/03/2021,,11019.0,,,,200,10547,1.0,16.0,,
419,02/03/2021,,11032.0,,,,200,10563,1.0,14.0,,
420,03/03/2021,,11046.0,,,,200,10578,1.0,13.0,,
421,04/03/2021,,11055.0,,,,201,10593,1.0,13.0,,
422,05/03/2021,,11066.0,,,,201,10604,1.0,13.0,,
423,06/03/2021,,11074.0,,,,202,10622,1.0,12.0,,
424,07/03/2021,,11090.0,,,,202,10629,1.0,13.0,,
425,08/03/2021,,11099.0,,,,202,10636,1.0,13.0,,
426,09/03/2021,,11120.0,,,,202,10662,1.0,14.0,,
427,10/03/2021,,11128.0,,,,202,10675,1.0,14.0,,
428,11/03/2021,,11150.0,,,,203,10695,1.0,13.0,,
429,12/03/2021,,11210.0,,,,203,10711,1.0,13.0,,
430,13/03/2021,,11257.0,,,,203,10739,1.0,13.0,,
431,14/03/2021,,11281.0,,,,203,10755,1.0,13.0,,
432,15/03/2021,,11311.0,,,,203,10769,1.0,13.0,,
433,16/03/2021,,11329.0,,,,203,10786,1.0,10.0,,
434,17/03/2021,,11340.0,,,,203,10809,1.0,10.0,,
435,18/03/2021,,11350.0,,,,203,10824,1.0,10.0,,
436,19/03/2021,,11363.0,,,,203,10837,1.0,10.0,,
437,20/03/2021,,11371.0,,,,203,10863,1.0,10.0,,
438,21/03/2021,,11379.0,,,,203,10875,1.0,10.0,,
439,22/03/2021,,11397.0,,,,203,10901,1.0,10.0,,
440,23/03/2021,,11409.0,,,,203,10936,1.0,10.0,,
441,24/03/2021,,11419.0,,,,204,10963,1.0,10.0,,
442,25/03/2021,,11428.0,,,,204,10994,1.0,10.0,,
443,26/03/2021,,11439.0,,,,205,11023,1.0,10.0,,
444,27/03/2021,,11445.0,,,,205,11040,1.0,10.0,,
445,28/03/2021,,11446.0,,,,205,11056,1.0,10.0,,
446,29/03/2021,,11454.0,,,,205,11075,1.0,10.0,,
447,30/03/2021,,11461.0,,,,205,11085,1.0,9.0,,
448,31/03/2021,,11467.0,,,,205,11095,1.0,9.0,,
449,01/04/2021,,11480.0,,,,205,11108,1.0,9.0,,
450,02/04/2021,,11499.0,,,,205,11122,1.0,9.0,,
451,03/04/2021,,11501.0,,,,205,11133,1.0,9.0,,
452,04/04/2021,,11508.0,,,,205,11139,1.0,9.0,,
453,05/04/2021,,11524.0,,,,205,11145,1.0,6.0,,
454,06/04/2021,,11531.0,,,,205,11155,1.0,6.0,,
455,07/04/2021,,11539.0,,,,205,11163,1.0,9.0,,
456,08/04/2021,,11549.0,,,,205,11174,1.0,8.0,,
457,09/04/2021,,11563.0,,,,206,11186,1.0,7.0,,
458,10/04/2021,,11568.0,,,,207,11193,1.0,7.0,,
459,11/04/2021,,11581.0,,,,207,11206,1.0,7.0,,
460,12/04/2021,,11594.0,,,,207,11214,1.0,7.0,,
461,13/04/2021,,11607.0,,,,207,11227,1.0,7.0,,
462,14/04/2021,,11612.0,,,,209,11237,1.0,6.0,,
463,15/04/2021,,11618.0,,,,209,11246,1.0,6.0,,
464,16/04/2021,,11635.0,,,,209,11253,1.0,6.0,,
465,17/04/2021,,11653.0,,,,209,11258,1.0,4.0,,
466,18/04/2021,,11683.0,,,,209,11270,1.0,4.0,,
467,19/04/2021,,11695.0,,,,209,11274,1.0,4.0,,
468,20/04/2021,,11703.0,,,,209,11287,1.0,3.0,,
469,21/04/2021,,11704.0,,,,209,11302,1.0,3.0,,
470,22/04/2021,,11718.0,,,,209,11316,1.0,3.0,,
471,23/04/2021,,11727.0,,,,209,11325,1.0,3.0,,
472,24/04/2021,,11730.0,,,,209,11340,1.0,3.0,,
473,25/04/2021,,11736.0,,,,209,11354,1.0,3.0,,
474,26/04/2021,,11740.0,,,,209,11363,1.0,3.0,,
475,27/04/2021,,11748.0,,,,209,11379,1.0,3.0,,
476,28/04/2021,,11755.0,,,,209,11392,1.0,3.0,,
477,29/04/2021,,11770.0,,,,209,11404,1.0,3.0,,
478,30/04/2021,,11774.0,,,,209,11416,1.0,3.0,,
479,01/05/2021,,11782.0,,,,210,11432,1.0,3.0,,
480,02/05/2021,,11784.0,,,,210,11445,1.0,3.0,,
481,03/05/2021,,11786.0,,,,210,11447,1.0,3.0,,
482,04/05/2021,,11790.0,,,,210,11451,1.0,3.0,,
483,05/05/2021,,11796.0,,,,210,11462,1.0,3.0,,
484,06/05/2021,,11798.0,,,,210,11468,1.0,3.0,,
485,07/05/2021,,11801.0,,,,210,11473,1.0,3.0,,
486,08/05/2021,,11806.0,,,,210,11486,1.0,3.0,,
487,09/05/2021,,11807.0,,,,210,11493,1.0,3.0,,
488,10/05/2021,,11811.0,,,,210,11496,1.0,2.0,,
489,11/05/2021,,11812.0,,,,210,11503,1.0,2.0,,
490,12/05/2021,,11814.0,,,,210,11505,1.0,2.0,,
491,13/05/2021,,11817.0,,,,210,11511,1.0,2.0,,
492,14/05/2021,,11818.0,,,,210,11516,1.0,2.0,,
493,15/05/2021,,11821.0,,,,210,11522,1.0,2.0,,
494,16/05/2021,,11824.0,,,,210,11525,1.0,2.0,,
495,17/05/2021,,11825.0,,,,210,11531,1.0,2.0,,
496,18/05/2021,,11826.0,,,,210,11535,1.0,2.0,,
497,19/05/2021,,11827.0,,,,210,11539,1.0,2.0,,
498,20/05/2021,,11828.0,,,,210,11542,1.0,2.0,,
499,21/05/2021,,11829.0,,,,210,11547,1.0,2.0,,
500,22/05/2021,,11830.0,,,,210,11550,1.0,2.0,,
501,23/05/2021,,11832.0,,,,210,11553,1.0,2.0,,
502,24/05/2021,,11833.0,,,,210,11556,1.0,1.0,,
503,25/05/2021,,11835.0,,,,210,11560,1.0,1.0,,
504,26/05/2021,,11836.0,,,,210,11561,1.0,1.0,,
505,27/05/2021,,11836.0,,,,210,11565,1.0,1.0,,
506,28/05/2021,,11836.0,,,,210,11570,1.0,1.0,,
507,29/05/2021,,11837.0,,,,210,11571,1.0,1.0,,
508,30/05/2021,,11837.0,,,,210,11572,1.0,1.0,,
509,31/05/2021,,11841.0,,,,210,11572,1.0,1.0,,
510,01/06/2021,,11848.0,,,,210,11574,1.0,1.0,,
511,02/06/2021,,11848.0,,,,210,11576,1.0,1.0,,
512,03/06/2021,,11849.0,,,,210,11577,1.0,1.0,,
513,04/06/2021,,11850.0,,,,210,11579,1.0,1.0,,
514,05/06/2021,,11851.0,,,,210,11584,1.0,1.0,,
515,06/06/2021,,11858.0,,,,210,11584,1.0,1.0,,
516,07/06/2021,,11865.0,,,,210,11584,1.0,1.0,,
517,08/06/2021,,11868.0,,,,210,11584,1.0,1.0,,
518,09/06/2021,,11872.0,,,,210,11587,1.0,1.0,,
519,10/06/2021,,11874.0,,,,210,11590,1.0,1.0,,
520,11/06/2021,,11874.0,,,,210,11593,1.0,1.0,,
521,12/06/2021,,11877.0,,,,210,11595,1.0,1.0,,
522,13/06/2021,,11877.0,,,,210,11598,1.0,1.0,,
523,14/06/2021,,11878.0,,,,210,11600,1.0,1.0,,
524,15/06/2021,,11880.0,,,,210,11600,1.0,1.0,,
525,16/06/2021,,11881.0,,,,210,11601,1.0,1.0,,
526,17/06/2021,,11881.0,,,,210,11603,1.0,1.0,,
527,18/06/2021,,11884.0,,,,210,11608,1.0,1.0,,
528,19/06/2021,,11885.0,,,,210,11612,1.0,1.0,,
529,20/06/2021,,11886.0,,,,210,11614,1.0,1.0,,
530,21/06/2021,,11889.0,,,,210,11616,1.0,1.0,,
531,22/06/2021,,11896.0,,,,210,11618,1.0,1.0,,
532,23/06/2021,,11898.0,,,,210,11619,1.0,1.0,,
533,24/06/2021,,11905.0,,,,210,11621,1.0,1.0,,
534,25/06/2021,,11909.0,,,,211,11621,1.0,1.0,,
535,26/06/2021,,11911.0,,,,211,11624,1.0,1.0,,
536,27/06/2021,,11917.0,,,,211,11625,1.0,1.0,,
537,28/06/2021,,11920.0,,,,211,11626,1.0,1.0,,
538,29/06/2021,,11921.0,,,,211,11628,1.0,1.0,,
539,30/06/2021,,11923.0,,,,211,11630,1.0,1.0,,
540,01/07/2021,,11927.0,,,,211,11631,1.0,1.0,,
541,02/07/2021,,11938.0,,,,211,11633,1.0,1.0,,
542,03/07/2021,,11939.0,,,,211,11634,1.0,1.0,,
543,04/07/2021,,11942.0,,,,211,11637,1.0,1.0,,
544,05/07/2021,,11943.0,,,,212,11638,1.0,0.0,,
545,06/07/2021,,11944.0,,,,212,11642,1.0,0.0,,
546,07/07/2021,,11945.0,,,,212,11643,1.0,0.0,,
547,08/07/2021,,11948.0,,,,212,11648,1.0,0.0,,
548,09/07/2021,,11949.0,,,,212,11648,1.0,0.0,,
549,10/07/2021,,11950.0,,,,212,11652,1.0,0.0,,
550,11/07/2021,,11951.0,,,,212,11655,1.0,0.0,,
551,12/07/2021,,11951.0,,,,212,11662,1.0,0.0,,
552,13/07/2021,,11952.0,,,,212,11665,1.0,0.0,,
553,14/07/2021,,11955.0,,,,212,11669,1.0,0.0,,
554,15/07/2021,,11955.0,,,,212,11675,1.0,0.0,,
555,16/07/2021,,11956.0,,,,212,11677,1.0,0.0,,
556,17/07/2021,,11956.0,,,,212,11682,1.0,0.0,,
557,18/07/2021,,11958.0,,,,212,11682,1.0,0.0,,
558,19/07/2021,,11958.0,,,,212,11686,1.0,0.0,,
559,20/07/2021,,11965.0,,,,212,11688,1.0,0.0,,
560,21/07/2021,,11970.0,,,,212,11688,1.0,0.0,,
561,22/07/2021,,11971.0,,,,212,11690,1.0,0.0,,
562,23/07/2021,,11973.0,,,,212,11693,1.0,0.0,,
563,24/07/2021,,11975.0,,,,212,11696,1.0,1.0,,
564,25/07/2021,,11978.0,,,,212,11698,1.0,1.0,,
565,26/07/2021,,11978.0,,,,212,11701,1.0,1.0,,
566,27/07/2021,,11979.0,,,,212,11705,1.0,1.0,,
567,28/07/2021,,11980.0,,,,212,11707,1.0,0.0,,
568,29/07/2021,,11982.0,,,,212,11709,1.0,0.0,,
569,30/07/2021,,11984.0,,,,212,11712,1.0,0.0,,
570,31/07/2021,,11984.0,,,,212,11713,1.0,0.0,,
571,01/08/2021,,11987.0,,,,212,11715,1.0,0.0,,
572,02/08/2021,,11990.0,,,,212,11715,1.0,0.0,,
573,03/08/2021,,11994.0,,,,212,11719,1.0,0.0,,
574,04/08/2021,,11996.0,,,,212,11721,1.0,0.0,,
575,05/08/2021,,12002.0,,,,212,11721,1.0,0.0,,
576,06/08/2021,,12004.0,,,,212,11724,1.0,0.0,,
577,07/08/2021,,12011.0,,,,212,11725,1.0,0.0,,
578,08/08/2021,,12013.0,,,,212,11725,1.0,0.0,,
579,09/08/2021,,12015.0,,,,212,11725,1.0,0.0,,
580,10/08/2021,,12019.0,,,,212,11728,1.0,0.0,,
581,11/08/2021,,12020.0,,,,212,11731,1.0,0.0,,
582,12/08/2021,,12025.0,,,,212,11733,1.0,0.0,,
583,13/08/2021,,12030.0,,,,212,11736,1.0,0.0,,
584,14/08/2021,,12032.0,,,,212,11740,1.0,0.0,,
585,15/08/2021,,12033.0,,,,212,11748,1.0,0.0,,
586,16/08/2021,,12036.0,,,,212,11750,1.0,0.0,,
587,17/08/2021,,12039.0,,,,212,11753,1.0,0.0,,
588,18/08/2021,,12042.0,,,,212,11755,1.0,0.0,,
589,19/08/2021,,12047.0,,,,212,11759,1.0,0.0,,
590,20/08/2021,,12049.0,,,,212,11761,1.0,0.0,,
591,21/08/2021,,12052.0,,,,212,11762,1.0,0.0,,
592,22/08/2021,,12057.0,,,,212,11766,1.0,0.0,,
593,23/08/2021,,12062.0,,,,212,11766,1.0,0.0,,
594,24/08/2021,,12069.0,,,,212,11768,1.0,0.0,,
595,25/08/2021,,12074.0,,,,212,11772,1.0,0.0,,
596,26/08/2021,,12077.0,,,,212,11777,1.0,0.0,,
597,27/08/2021,,12094.0,,,,212,11779,1.0,0.0,,
598,28/08/2021,,12100.0,,,,212,11782,1.0,0.0,,
599,29/08/2021,,12107.0,,,,212,11783,1.0,0.0,,
600,30/08/2021,,12110.0,,,,212,11786,1.0,0.0,,
601,31/08/2021,,12112.0,,,,212,11791,1.0,0.0,,
602,01/09/2021,,12113.0,,,,212,11798,1.0,0.0,,
603,02/09/2021,,12113.0,,,,212,11799,1.0,0.0,,
604,03/09/2021,,12112.0,,,,212,11798,1.0,0.0,,
605,04/09/2021,,12113.0,,,,212,11802,1.0,0.0,,
606,05/09/2021,,12121.0,,,,212,11814,1.0,0.0,,
607,06/09/2021,,12123.0,,,,212,11821,1.0,0.0,,
608,07/09/2021,,12129.0,,,,212,11825,1.0,0.0,,
609,08/09/2021,,12131.0,,,,212,11831,1.0,0.0,,
610,09/09/2021,,12133.0,,,,212,11834,1.0,0.0,,
611,10/09/2021,,12138.0,,,,212,11838,1.0,0.0,,
612,11/09/2021,,12142.0,,,,212,11841,1.0,0.0,,
613,12/09/2021,,12145.0,,,,212,11846,1.0,0.0,,
614,13/09/2021,,12146.0,,,,213,11850,1.0,0.0,,
615,14/09/2021,,12148.0,,,,213,11854,1.0,0.0,,
616,15/09/2021,,12149.0,,,,213,11858,1.0,0.0,,
617,16/09/2021,,12149.0,,,,213,11862,1.0,0.0,,
618,17/09/2021,,12152.0,,,,213,11867,1.0,0.0,,
619,18/09/2021,,12157.0,,,,213,11869,1.0,0.0,,
620,19/09/2021,,12160.0,,,,213,11872,1.0,0.0,,
621,20/09/2021,,12165.0,,,,213,11874,1.0,0.0,,
622,21/09/2021,,12166.0,,,,213,11878,1.0,0.0,,
623,22/09/2021,,12167.0,,,,213,11878,1.0,0.0,,
624,23/09/2021,,12169.0,,,,213,11887,1.0,0.0,,
625,24/09/2021,,12176.0,,,,213,11888,1.0,0.0,,
626,25/09/2021,,12185.0,,,,213,11891,1.0,0.0,,
627,26/09/2021,,12193.0,,,,213,11892,1.0,0.0,,
628,27/09/2021,,12196.0,,,,213,11897,1.0,0.0,,
629,28/09/2021,,12209.0,,,,213,11901,1.0,0.0,,
630,29/09/2021,,12214.0,,,,213,11905,1.0,0.0,,
631,30/09/2021,,12217.0,,,,213,11905,1.0,0.0,,
632,01/10/2021,,12221.0,,,,213,11906,1.0,0.0,,
633,02/10/2021,,12226.0,,,,213,11909,1.0,0.0,,
634,03/10/2021,,12226.0,,,,213,11920,1.0,0.0,,
635,04/10/2021,,12230.0,,,,213,11926,1.0,0.0,,
636,05/10/2021,,12237.0,,,,213,11931,1.0,0.0,,
637,06/10/2021,,12243.0,,,,213,11935,1.0,0.0,,
638,07/10/2021,,12251.0,,,,213,11942,1.0,0.0,,
639,08/10/2021,,12253.0,,,,213,11945,1.0,0.0,,
640,09/10/2021,,12230.0,,,,213,11926,1.0,0.0,,
641,10/10/2021,,12261.0,,,,213,11947,1.0,0.0,,
642,11/10/2021,,12268.0,,,,213,11953,1.0,0.0,,
643,12/10/2021,,12272.0,,,,213,11956,1.0,0.0,,
644,13/10/2021,,12275.0,,,,213,11962,1.0,0.0,,
645,14/10/2021,,12276.0,,,,213,11971,1.0,0.0,,
646,15/10/2021,,12285.0,,,,213,11980,1.0,0.0,,
647,16/10/2021,,12291.0,,,,213,11988,1.0,0.0,,
648,17/10/2021,,12294.0,,,,213,11992,1.0,0.0,,
649,18/10/2021,,12299.0,,,,213,11994,1.0,0.0,,
650,19/10/2021,,12301.0,,,,213,11998,1.0,0.0,,
651,20/10/2021,,12305.0,,,,213,12003,1.0,0.0,,
652,21/10/2021,,12311.0,,,,213,12006,1.0,0.0,,
653,22/10/2021,,12313.0,,,,213,12012,1.0,0.0,,
654,23/10/2021,,12319.0,,,,213,12016,1.0,0.0,,
655,24/10/2021,,12323.0,,,,213,12019,1.0,0.0,,
656,25/10/2021,,12327.0,,,,213,12023,1.0,0.0,,
657,26/10/2021,,12330.0,,,,213,12029,1.0,0.0,,
658,27/10/2021,,12335.0,,,,213,12033,1.0,0.0,,
659,28/10/2021,,12337.0,,,,213,12033,1.0,0.0,,
660,29/10/2021,,12342.0,,,,213,12033,1.0,0.0,,
661,30/10/2021,,12345.0,,,,213,12034,1.0,0.0,,
662,31/10/2021,,12346.0,,,,213,12034,1.0,0.0,,
663,01/11/2021,,12347.0,,,,213,12034,1.0,0.0,,
664,02/11/2021,,12349.0,,,,213,12034,1.0,0.0,,
665,03/11/2021,,12352.0,,,,213,12034,1.0,0.0,,
666,04/11/2021,,12359.0,,,,213,12035,1.0,0.0,,
667,05/11/2021,,12360.0,,,,213,12035,1.0,0.0,,
668,06/11/2021,,12367.0,,,,213,12036,1.0,0.0,,
669,07/11/2021,,12368.0,,,,213,12036,1.0,0.0,,
670,08/11/2021,,12368.0,,,,213,12036,1.0,0.0,,
671,09/11/2021,,12369.0,,,,213,12036,1.0,0.0,,
672,10/11/2021,,12374.0,,,,213,12036,1.0,0.0,,
673,11/11/2021,,12377.0,,,,213,12037,1.0,0.0,,
674,12/11/2021,,12378.0,,,,213,12072,1.0,0.0,,
675,13/11/2021,,12380.0,,,,213,12087,1.0,0.0,,
676,14/11/2021,,12381.0,,,,213,12090,1.0,0.0,,
677,15/11/2021,,12387.0,,,,213,12092,1.0,0.0,,
678,16/11/2021,,12388.0,,,,213,12099,1.0,0.0,,
679,17/11/2021,,12391.0,,,,213,12099,1.0,0.0,,
680,18/11/2021,,12395.0,,,,213,12104,1.0,0.0,,
681,19/11/2021,,12396.0,,,,213,12106,1.0,0.0,,
682,20/11/2021,,12399.0,,,,213,12108,1.0,0.0,,
683,21/11/2021,,12401.0,,,,213,12115,1.0,0.0,,
684,22/11/2021,,12404.0,,,,213,12119,1.0,0.0,,
685,23/11/2021,,12410.0,,,,213,12121,1.0,0.0,,
686,24/11/2021,,12411.0,,,,213,12123,1.0,0.0,,
687,25/11/2021,,12417.0,,,,213,12125,1.0,0.0,,
688,26/11/2021,,12421.0,,,,213,12128,1.0,0.0,,
689,27/11/2021,,12424.0,,,,213,12130,1.0,0.0,,
690,28/11/2021,,12427.0,,,,213,12133,1.0,0.0,,
691,29/11/2021,,12430.0,,,,213,12134,1.0,0.0,,
692,30/11/2021,,12436.0,,,,213,12136,1.0,0.0,,
693,01/12/2021,,12439.0,,,,213,12140,1.0,0.0,,
694,02/12/2021,,12445.0,,,,213,12143,1.0,0.0,,
695,03/12/2021,,12448.0,,,,213,12145,1.0,0.0,,
696,04/12/2021,,12452.0,,,,213,12148,1.0,0.0,,
697,05/12/2021,,12461.0,,,,213,12149,1.0,1.0,,
698,06/12/2021,,12466.0,,,,213,12151,1.0,1.0,,
699,07/12/2021,,12471.0,,,,213,12153,1.0,0.0,,
700,08/12/2021,,12471.0,,,,213,12155,1.0,0.0,,
701,09/12/2021,,12478.0,,,,213,12156,1.0,0.0,,
702,10/12/2021,,12482.0,,,,213,12159,1.0,0.0,,
703,11/12/2021,,12483.0,,,,213,12165,1.0,0.0,,
704,12/12/2021,,12488.0,,,,213,12168,1.0,0.0,,
705,13/12/2021,,12490.0,,,,213,12173,1.0,0.0,,
706,14/12/2021,,12495.0,,,,213,12180,1.0,0.0,,
707,15/12/2021,,12496.0,,,,213,12180,1.0,0.0,,
708,16/12/2021,,12506.0,,,,213,12180,1.0,0.0,,
709,17/12/2021,,12513.0,,,,213,12180,1.0,0.0,,
710,18/12/2021,,12518.0,,,,213,12182,1.0,0.0,,
711,19/12/2021,,12526.0,,,,213,12184,1.0,0.0,,
712,20/12/2021,,12533.0,,,,213,12184,1.0,0.0,,
713,21/12/2021,,12541.0,,,,213,12184,1.0,0.0,,
714,22/12/2021,,12548.0,,,,213,12184,1.0,0.0,,
715,23/12/2021,,12550.0,,,,213,12186,1.0,0.0,,
716,24/12/2021,,12555.0,,,,213,12189,1.0,0.0,,
717,25/12/2021,,12580.0,,,,213,12189,1.0,0.0,,
718,26/12/2021,,12589.0,,,,213,12189,1.0,0.0,,
719,27/12/2021,,12598.0,,,,213,12189,1.0,0.0,,
720,28/12/2021,,12604.0,,,,213,12189,1.0,0.0,,
721,29/12/2021,,12618.0,,,,213,12191,1.0,0.0,,
722,30/12/2021,,12630.0,,,,213,12196,1.0,0.0,,
723,31/12/2021,,12649.0,,,,213,12206,1.0,0.0,,
724,01/01/2022,,,,,,213,12209,,0.0,12667.0,
725,02/01/2022,,,,,,213,12214,,0.0,12693.0,
726,03/01/2022,,,,,,213,12219,,0.0,12722.0,
727,04/01/2022,,,,,,213,12228,,0.0,12761.0,
728,05/01/2022,,,,,,213,12230,,0.0,12799.0,
729,06/01/2022,,,,,,213,12235,,0.0,12832.0,
730,07/01/2022,,,,,,213,12235,,0.0,12865.0,
731,08/01/2022,,,,,,213,12243,,0.0,12902.0,
732,09/01/2022,,,,,,213,12284,,0.0,12935.0,
733,10/01/2022,,,,,,213,12296,,0.0,12959.0,
734,11/01/2022,,,,,,213,12304,,0.0,12980.0,
735,12/01/2022,,,,,,213,12316,,0.0,13002.0,
736,13/01/2022,,,,,,213,12327,,0.0,13016.0,
737,14/01/2022,,,,,,213,12339,,0.0,13025.0,
738,15/01/2022,,,,,,213,12366,,0.0,13030.0,
739,16/01/2022,,,,,,213,12393,,0.0,13041.0,
740,17/01/2022,,,,,,213,12416,,0.0,13048.0,
741,18/01/2022,,,,,,213,12446,,0.0,13066.0,
742,19/01/2022,,,,,,213,12474,,0.0,13082.0,
743,20/01/2022,,,,,,213,12493,,0.0,13096.0,
744,21/01/2022,,,,,,213,12514,,0.0,13120.0,
745,22/01/2022,,,,,,213,12541,,0.0,13146.0,
746,23/01/2022,,,,,,213,12572,,0.0,13286.0,
747,24/01/2022,,,,,,213,12602,,0.0,13395.0,
748,25/01/2022,,,,,,213,12623,,0.0,13519.0,
749,26/01/2022,,,,,,213,12655,,0.0,13626.0,
750,27/01/2022,,,,,,213,12687,,0.0,13790.0,
751,28/01/2022,,,,,,213,12710,,0.0,13905.0,
752,29/01/2022,,,,,,213,12730,,0.0,14024.0,
753,30/01/2022,,,,,,213,12752,,0.0,14105.0,
754,31/01/2022,,,,,,213,12780,,0.0,14197.0,
755,01/02/2022,,,,,,213,12806,,0.0,14326.0,
756,02/02/2022,,,,,,213,12826,,1.0,14442.0,
757,03/02/2022,,,,,,213,12880,,1.0,14584.0,
758,04/02/2022,,,,,,213,12916,,1.0,14715.0,
759,05/02/2022,,,,,,213,12987,,1.0,15066.0,
760,06/02/2022,,,,,,213,13125,,1.0,15408.0,
761,07/02/2022,,,,,,213,13232,,1.0,16022.0,
762,08/02/2022,,,,,,213,13315,,2.0,16647.0,
763,09/02/2022,,,,,,215,13436,,2.0,17808.0,
764,10/02/2022,,,,,,216,13795,,1.0,18794.0,
765,11/02/2022,,,,,,216,14037,,2.0,20119.0,
766,12/02/2022,,,,,,219,14183,,3.0,21633.0,
767,13/02/2022,,,,,,219,14463,,4.0,22980.0,
768,14/02/2022,,,,,,221,14963,,8.0,25051.0,
769,15/02/2022,,,,,,224,14996,,8.0,26670.0,
770,16/02/2022,,,,,,227,15234,,16.0,30955.0,
771,17/02/2022,,,,,,238,15448,,0.0,37071.0,
772,18/02/2022,,,,,,259,15699,,16.0,40700.0,
773,19/02/2022,,,,,,276,15963,,16.0,46763.0,
774,20/02/2022,,,,,,288,16190,,16.0,52830.0,
775,21/02/2022,,,,,,300,16449,,16.0,60363.0,
776,22/02/2022,,,,,,336,16740,,16.0,66574.0,
777,23/02/2022,,,,,,385,17015,,16.0,75248.0,
778,24/02/2022,,,,,,425,17272,,16.0,84046.0,
779,25/02/2022,,,,,,497,17562,,16.0,94056.0,
780,26/02/2022,,,,,,577,17855,,16.0,138955.0,29635.0
781,27/02/2022,,,,,,659,18236,,16.0,171314.0,48252.0
782,28/02/2022,,,,,,744,18926,,16.0,205780.0,69964.0
783,01/03/2022,,,,,,990,19495,,16.0,238377.0,93025.0
784,02/03/2022,,,,,,1168,20085,,16.0,293730.0,114013.0
785,03/03/2022,,,,,,1366,22649,,16.0,350557.0,134177.0
786,04/03/2022,,,,,,1554,23143,,60.0,403080.0,154336.0
787,05/03/2022,,,,,,1774,23888,,61.0,440609.0,184390.0
788,06/03/2022,,,,,,2007,24513,,61.0,471617.0,193183.0
789,07/03/2022,,,,,,2287,24276,,68.0,496767.0,204428.0
790,08/03/2022,,,,,,2578,25054,,69.0,525242.0,214704.0
791,09/03/2022,,,,,,2869,25861,,68.0,551233.0,219174.0
792,10/03/2022,,,,,,3150,26740,,71.0,575623.0,226186.0
793,11/03/2022,,,,,,3444,27617,,76.0,594511.0,236679.0
794,12/03/2022,,,,,,3729,28577,,85.0,610300.0,248537.0
795,13/03/2022,,,,,,3993,29318,,101.0,623635.0,267632.0
796,14/03/2022,,,,,,4279,29693,,104.0,635675.0,282500.0
797,15/03/2022,,,,,,4568,30598,,111.0,647631.0,298309.0
798,16/03/2022,,,,,,4847,31656,,119.0,662085.0,313127.0
799,17/03/2022,,,,,,5136,32768,,119.0,670713.0,326149.0
800,18/03/2022,,,,,,5401,33842,,115.0,678679.0,338265.0
801,19/03/2022,,,,,,5650,35026,,119.0,686207.0,347334.0
802,20/03/2022,,,,,,5896,35868,,115.0,692083.0,355607.0
803,21/03/2022,,,,,,6119,36260,,117.0,696606.0,365152.0
804,22/03/2022,,,,,,6364,37496,,114.0,700902.0,375008.0
805,23/03/2022,,,,,,6569,38954,,103.0,705152.0,382998.0
806,24/03/2022,,,,,,6770,40339,,108.0,710884.0,390340.0
807,25/03/2022,,,,,,6962,41732,,105.0,715462.0,396167.0
808,26/03/2022,,,,,,7101,43179,,105.0,719346.0,401124.0
809,27/03/2022,,,,,,7252,44007,,110.0,722901.0,405606.0
810,28/03/2022,,,,,,7420,44418,,108.0,726128.0,410064.0
811,29/03/2022,,,,,,7571,45671,,97.0,729292.0,414496.0
812,30/03/2022,,,,,,7706,47140,,89.0,732286.0,418483.0
813,31/03/2022,,,,,,7825,48556,,84.0,735145.0,422270.0
814,01/04/2022,,,,,,7945,50029,,79.0,737888.0,425350.0
815,02/04/2022,,,,,,8061,51468,,79.0,740174.0,427539.0
816,03/04/2022,,,,,,8172,52339,,78.0,742006.0,429416.0
817,04/04/2022,,,,,,8262,52721,,75.0,743595.0,430965.0
818,05/04/2022,,,,,,8349,54168,,71.0,745253.0,432561.0
819,06/04/2022,,,,,,8460,54823,,74.0,746742.0,433849.0
820,07/04/2022,,,,,,8557,56314,,75.0,748110.0,435125.0
821,08/04/2022,,,,,,8643,57824,,69.0,749337.0,436390.0
822,09/04/2022,,,,,,8705,59367,,66.0,750234.0,438028.0
823,10/04/2022,,,,,,8770,60245,,62.0,751122.0,439061.0
824,11/04/2022,,,,,,8827,60605,,60.0,751820.0,439770.0
825,12/04/2022,,,,,,8886,62035,,58.0,752555.0,440468.0
826,13/04/2022,,,,,,8948,63579,,54.0,753289.0,441006.0
827,14/04/2022,,,,,,9002,65086,,58.0,753868.0,441470.0
828,15/04/2022,,,,,,9069,66797,,56.0,754339.0,441945.0
829,16/04/2022,,,,,,9110,67605,,52.0,754788.0,442290.0
